"","V1","V2","V3","V4","V5","V6","V7","V8","V9","V10","V11","V12","V13","V14","V15","V16","V17","V18","V19","V20","V21","V22","V23","V24","V25","V26","V27","V28","V29","V30","V31","V32","V33","V34","V35","V36","V37","V38","V39","V40","V41","V42","V43","V44","V45","V46","V47","V48","V49","V50","V51","V52","V53","V54","V55","V56","V57","V58","V59","V60","V61","V62"
"1",1.48,1.45451874195457,1.43086100824551,1.4090267988728,1.38901611383644,1.37082895313645,1.35446531677281,1.33992520474553,1.32720861705461,1.31631555370005,1.30724601468185,1.3,1.29429861175957,1.28980371284697,1.28638022462849,1.28377973751529,1.28149010816079,1.27825898969213,1.27,1.21,1.05986347826087,1.23,1.23590704156774,1.24,1.22792523383115,1.20463571305436,1.17803014350097,1.15,1.115,1.08,1.05670402471826,1.04,1.03866879842002,1.04,1.045,1.05,1.055,1.06,1.005,0.95,0.96,0.97,0.98,0.99,0.95,0.91,0.913948939746804,0.92345,0.93354845328476,0.9369,0.92575,0.9146,0.93425,0.9539,0.93695,0.92,0.925,0.93,0.905,0.88,0.874648081332212,0.87146
"22",1.48,1.4531084071518,1.42832240560052,1.40564199534614,1.38506717638868,1.36659794872814,1.3502343123645,1.33597626729778,1.32382381352796,1.31377695105506,1.30583567987908,1.3,1.29581277789606,1.29276018828222,1.29071324889184,1.2894356114079,1.28844248813635,1.28655785281351,1.28,1.23,1.0870747826087,1.21,1.22802839013266,1.24,1.23421145503786,1.22110713173582,1.20597645937521,1.19,1.17204222335452,1.15,1.11,1.07,1.04656861549957,1.03,1.065,1.1,1.08318042592812,1.06,1.025,0.99,1.005,1.02,1.0214463547291,1.02,0.995,0.97,0.964498782451328,0.9605,0.956100670957232,0.951,0.9451,0.9392,0.96485,0.9905,0.97525,0.96,0.965,0.97,0.95,0.93,0.924991916718282,0.92202
"44",1.48,1.46404672083192,1.44801322720486,1.43189891260622,1.4157031643934,1.39942536371613,1.38306488543766,1.36662109805474,1.35009336361632,1.33348103764113,1.31678346903384,1.3,1.2831666097002,1.26631525932127,1.24943528806004,1.23250551644501,1.21547702548749,1.19820563273974,1.18,1.16,1.05036869565217,1.21,1.19,1.17,1.15181700498275,1.135,1.11856468459237,1.1,1.075,1.05,1.03246297357723,1.02,1.035,1.05,1.03,1.01,1.03,1.05,0.985,0.92,0.965,1.01,0.985,0.96,0.96,0.96,0.951171428774155,0.9328,0.913420124689966,0.9056,0.912709801346804,0.9235,0.96375,1.004,0.977,0.95,0.932409725751753,0.92,0.92,0.92,0.914940413420617,0.90538
"55",1.48,1.45409487583389,1.43009804922828,1.40800952018316,1.38782928869853,1.3695573547744,1.35319371841076,1.33873837960762,1.32619133836498,1.31555259468282,1.30682214856116,1.3,1.29505929973519,1.29189002005136,1.29030143843213,1.2899396522507,1.29006557354706,1.28883499445798,1.28,1.25,1.09441652173913,1.17,1.20151806958849,1.22,1.19866348915362,1.165,1.13456996040526,1.11,1.44,1.77,1.41,1.05,1.04,1.03,1.015,1,1.04,1.08,1.005,0.93,0.97,1.01,1.01223616334887,1.01,0.985,0.96,0.943150207912185,0.928238693835412,0.917010056612147,0.9142,0.93735,0.9605,0.9503,0.9401,0.95005,0.96,0.94,0.92,0.925,0.93,0.92069960195214,0.89678
"2",1.49,1.47392073472215,1.45869368613624,1.44431885424226,1.43079623904021,1.4181258405301,1.40630765871191,1.39534169358566,1.38522794515135,1.37596641340897,1.36755709835852,1.36,1.35330120022766,1.34743318749159,1.34231759936616,1.33780490441817,1.33356987411755,1.32874620195113,1.32,1.3,1.18501739130435,1.26,1.30425088194214,1.33,1.3265563377054,1.31953922323812,1.31043303103455,1.3,1.245,1.19,1.14988201423778,1.12,1.14137017274793,1.17,1.21,1.25,1.215,1.18,1.14801339558909,1.12,1.155,1.19,1.1958598701354,1.2,1.14,1.08,1.07606272777065,1.07308092651975,1.0712879762689,1.071,1.07213835604953,1.075,1.0965,1.118,1.084,1.05,1.055,1.06,1.04,1.02,1.00955103200483,1.0014
"19",1.49,1.46633030663155,1.44503091557316,1.42610182682482,1.40954304038653,1.3953545562583,1.38353637444012,1.37408849493199,1.36701091773391,1.36230364284589,1.35996667026792,1.36,1.36219270488032,1.36620765068713,1.3717711373192,1.37841839622233,1.38529161040168,1.39061302369711,1.39,1.38,1.23338260869565,1.36,1.39633304938958,1.42,1.40054777113124,1.345,1.291217240251,1.27,1.275,1.28,1.255,1.23,1.255,1.28,1.26773230303864,1.25,1.215,1.18,1.16244891592367,1.15,1.185,1.22,1.23737348070628,1.25,1.205,1.16,1.14690733419897,1.13597588899518,1.12730495510925,1.121,1.11618418868025,1.113,1.115,1.117,1.1135,1.11,1.125,1.14,1.095,1.05,1.0479835137779,1.0468
"42",1.49,1.47870810776563,1.46731519511453,1.45581990032029,1.44422083707178,1.43251659391582,1.42070573368464,1.40878679290756,1.39675828120651,1.38461868067478,1.37236644523845,1.36,1.34744380092285,1.33463364283309,1.32159349084788,1.30836907115811,1.29505982434822,1.28193057146195,1.27,1.26,1.14870347826087,1.26,1.26599996949312,1.27,1.26419936560137,1.24951554430344,1.2308295420703,1.21,1.165,1.12,1.09097896584704,1.07,1.105,1.14,1.15796708189253,1.17,1.15789616847516,1.14,1.09,1.04,1.095,1.15,1.135,1.12,1.11,1.1,1.08546527589463,1.0655,1.0432481825764,1.031,1.047,1.063,1.07372990499574,1.081,1.06711288261188,1.05,1.03,1.01,1.02,1.03,1.02010126987075,0.98518
"58",1.49,1.47016676080082,1.45193653307783,1.43530931683105,1.42028511206046,1.40686391876608,1.3950457369479,1.38483056660592,1.37621840774014,1.36920926035056,1.36380312443718,1.36,1.35749408373678,1.35592049990236,1.35514929399311,1.3549547689119,1.35490740697363,1.35407669718818,1.35,1.34,1.21812608695652,1.27,1.30149348581372,1.32,1.31454909652398,1.3042122990057,1.29241988408642,1.28,1.265,1.25,1.235,1.22,1.21348435829687,1.21,1.22,1.23,1.22618570146924,1.22,1.18,1.14,1.2,1.26,1.23,1.2,1.185,1.17,1.15030696153031,1.125,1.09698642526998,1.08,1.08803900386475,1.099,1.1375,1.176,1.148,1.12,1.10242543930676,1.09,1.09,1.09,1.07942084021786,1.0519
"3",1.5,1.4906645081967,1.48174156929951,1.47323118330844,1.46513335022348,1.45744807004464,1.45017534277191,1.4433151684053,1.4368675469448,1.43083247839042,1.42520996274215,1.42,1.41521444471271,1.41084931333173,1.40686738570277,1.40319676885629,1.39967826469617,1.39587506918691,1.39,1.35,1.35307391304348,1.38,1.375,1.37,1.37416113351827,1.385,1.39534847253129,1.4,1.3831788601986,1.36,1.325,1.29,1.325,1.36,1.395,1.43,1.355,1.28,1.29329721630713,1.31,1.355,1.4,1.395414225846,1.39,1.34,1.29,1.29409614728639,1.29915841145957,1.30537796927368,1.313,1.3345,1.356,1.35536012225315,1.354,1.332,1.31,1.30397935398331,1.3,1.305,1.31,1.2985671753381,1.2577
"17",1.5,1.48600404331952,1.47335273252059,1.46204606760321,1.45208404856738,1.4434666754131,1.43619394814038,1.4302658667492,1.42568243123957,1.4224436416115,1.42054949786497,1.42,1.42478218386916,1.4373402645127,1.45509299362151,1.47504613858044,1.49370644741808,1.50697317074157,1.51,1.44,1.41734782608696,1.52,1.495,1.47,1.46138898634846,1.455,1.44850834821647,1.44,1.4,1.36,1.39,1.42,1.445,1.47,1.505,1.54,1.44,1.34,1.3447425406698,1.35,1.395,1.44,1.43107872814791,1.42,1.37,1.32,1.32961389467684,1.34285072091162,1.35718653350672,1.372,1.38829025745298,1.405,1.422,1.439,1.3995,1.36,1.36,1.36,1.355,1.35,1.35056905967414,1.353
"41",1.5,1.4926543705764,1.48532332158298,1.47800685301972,1.47070496488665,1.46341765718375,1.45614492991102,1.44888678306847,1.44164321665609,1.43441423067388,1.42719982512185,1.42,1.41282178627095,1.40567207022394,1.39855047815699,1.39145616255468,1.38438670267383,1.37733129311807,1.37,1.36,1.33554347826087,1.34,1.36,1.38,1.37639904948796,1.3690712337267,1.36000922553031,1.35,1.335,1.32,1.315,1.31,1.285,1.26,1.34,1.42,1.43070901996182,1.44,1.36,1.28,1.315,1.35,1.35564973035164,1.36,1.335,1.31,1.296672438384,1.28450511651819,1.27470053140208,1.271,1.2845,1.298,1.30225134756483,1.305,1.2875,1.27,1.26410602873096,1.26,1.28,1.3,1.28770542274706,1.2435
"57",1.5,1.48937297687666,1.47941681292344,1.47013150814034,1.46151706252737,1.45357347608452,1.44630074881179,1.43969888070919,1.4337678717767,1.42850772201435,1.42391843142211,1.42,1.41663841087788,1.41370246606677,1.411152080116,1.40891073820834,1.40681194629903,1.40441188708031,1.4,1.38,1.38062608695652,1.35,1.425,1.5,1.48867418015887,1.47233400729461,1.4524593796163,1.43,1.36,1.29,1.325,1.36,1.38253784690118,1.4,1.41172768783728,1.42,1.4201747997874,1.42,1.365,1.31,1.36,1.41,1.42711197177773,1.44,1.4,1.36,1.33941107909918,1.32090013423286,1.30596524114685,1.298,1.338,1.378,1.38646752430932,1.393,1.3715,1.35,1.33861386386642,1.33,1.325,1.32,1.31067743482451,1.2954
"4",1.56,1.54856771507958,1.53724006896142,1.52601706164553,1.51489869313191,1.50388496342055,1.49297587251146,1.48217142040464,1.47147160710008,1.46087643259779,1.45038589689776,1.44,1.42966731916888,1.41933713286493,1.409011259671,1.3986938533822,1.38839692343992,1.37817556008046,1.37,1.42,1.31930869565217,1.38,1.43833360041652,1.49,1.47619705977757,1.445,1.41223000314626,1.4,1.42,1.44,1.37,1.3,1.325,1.35,1.325,1.3,1.28,1.26,1.24,1.22,1.28,1.34,1.3,1.26,1.47,1.68,1.60368954309908,1.4225,1.24519607682847,1.165,1.16116733142563,1.158,1.2105,1.263,1.23297977357247,1.2,1.165,1.13,1.13,1.13,1.11795254490745,1.0881
"18",1.56,1.53755876278667,1.5174239548342,1.49959557614256,1.48407362671178,1.47085810654184,1.45994901563275,1.45134635398451,1.44505012159711,1.44106031847056,1.43937694460486,1.44,1.44207410839035,1.44484528311413,1.44850804973946,1.45333673712802,1.45973107800047,1.46829711201469,1.48,1.5,1.3543652173913,1.46,1.51088248495819,1.54,1.52698478013193,1.505,1.48473135580199,1.47,1.46,1.45,1.435,1.42,1.43,1.44,1.45,1.46,1.405,1.35,1.30536872161581,1.27,1.31,1.35,1.315,1.28,1.285,1.29,1.28007263643008,1.254,1.22742300447042,1.218,1.229,1.24,1.24700331712102,1.252,1.216,1.18,1.205,1.23,1.185,1.14,1.1346044105041,1.1304
"45",1.56,1.53994908454508,1.52172653399932,1.50533234836273,1.4907665276353,1.47802907181705,1.46711998090795,1.45803925490803,1.45078689381727,1.44536289763568,1.44176726636326,1.44,1.43985521823219,1.44105636588156,1.4434436914651,1.44672751555034,1.45032242833777,1.45284058206727,1.45,1.43,1.30172608695652,1.47,1.385,1.3,1.32099876192936,1.36,1.39897790601539,1.42,1.42561362410804,1.43,1.365,1.3,1.31,1.32,1.33,1.34,1.32799627292424,1.31,1.27,1.23,1.26,1.29,1.31682286405547,1.34,1.285,1.23,1.20332569886815,1.17891463269438,1.15919474814983,1.152,1.16229580959563,1.176,1.1955,1.215,1.1875,1.16,1.16,1.16,1.1520541425076,1.14,1.11773927593833,1.0767
"59",1.56,1.54206211409142,1.52552998718273,1.51040361927395,1.49668301036506,1.48436816045607,1.47345906954698,1.46395573763779,1.45585816472849,1.4491663508191,1.4438802959096,1.44,1.43699697498546,1.43437970108297,1.43221294046528,1.43057681154475,1.42957162732787,1.42932468612585,1.43,1.6,1.34421304347826,1.47,1.48163288772623,1.49,1.48230948660688,1.46,1.43769051339312,1.43,1.44,1.45,1.43376512538147,1.41,1.365,1.32,1.38,1.44,1.39,1.34,1.30556288923929,1.28,1.325,1.37,1.37059460588785,1.37,1.315,1.26,1.23789907299025,1.21880619826004,1.2036929900859,1.194,1.18815362831479,1.184,1.2225,1.261,1.2205,1.18,1.185,1.19,1.16,1.13,1.12300670512101,1.1179
"5",1.49,1.4674856863537,1.44729241725483,1.42942019270342,1.41386901269944,1.40063887724291,1.38972978633381,1.38114173997217,1.37487473815796,1.3709287808912,1.36930386817188,1.37,1.37193496272858,1.37405206873432,1.37639979827288,1.37904551170588,1.38208563164597,1.38566321133315,1.39,1.44,1.4015,1.41,1.44,1.47,1.46172487247601,1.445,1.42827512752399,1.42,1.45,1.48,1.405,1.33,1.37,1.41,1.44304670440754,1.47,1.415,1.36,1.3429803360177,1.33,1.37,1.41,1.44315721468255,1.47,1.43,1.39,1.36802852996203,1.34785107339349,1.33130095479646,1.324,1.3515,1.379,1.39999039598965,1.416,1.403,1.39,1.38,1.37,1.36,1.35,1.35432593304152,1.3655
"20",1.49,1.47098101558254,1.45358400986675,1.43780898285263,1.42365593454019,1.41112486492943,1.40021577402034,1.39092866181292,1.38326352830718,1.37722037350311,1.37279919740072,1.37,1.37723554121086,1.40043422560268,1.43510823160063,1.47545799816776,1.51385518535883,1.54006014835203,1.54,1.47,1.4496347826087,1.48,1.51023934871897,1.54,1.54321949937912,1.5459308007743,1.54817793787275,1.55,1.51,1.47,1.46448506736368,1.46,1.485,1.51,1.51531258179416,1.52,1.435,1.35,1.35915581612384,1.37,1.405,1.44,1.46315223929849,1.48,1.46,1.44,1.42228023356122,1.40493624140203,1.38867639564202,1.379,1.38544836478509,1.394,1.4175,1.441,1.4155,1.39,1.405,1.42,1.4,1.38,1.39566695517271,1.4576
"40",1.49,1.4676384162316,1.44756733103507,1.42978674441039,1.41429665635758,1.40109706687663,1.39018797596754,1.38156938363031,1.37524128986494,1.37120369467143,1.36945659804979,1.37,1.37204509565397,1.37477540456574,1.37812636081939,1.38197473479375,1.38605242497018,1.38964494848757,1.39,1.38,1.37205652173913,1.4,1.42668129144526,1.45,1.4411396553308,1.42,1.39930240031826,1.39,1.39,1.39,1.37,1.35,1.38,1.41,1.41575062634485,1.42,1.41138977779443,1.4,1.345,1.29,1.325,1.36,1.37747214442977,1.39,1.365,1.34,1.32945629617736,1.31992794362477,1.31231158160707,1.309,1.3219536458352,1.34,1.369,1.398,1.349,1.3,1.315,1.33,1.33,1.33,1.33011246079611,1.3303
"60",1.49,1.46770425486735,1.44768584057941,1.42994475713618,1.41448100453767,1.40129458278387,1.39038549187478,1.3817537318104,1.37539930259073,1.37132220421578,1.36952243668553,1.37,1.37639083881749,1.3912925183087,1.41270132396751,1.43776751307836,1.46229609535309,1.47984682256684,1.48,1.46,1.44911304347826,1.49,1.52021673525791,1.54,1.52965353064275,1.51110541448715,1.49086723384053,1.47,1.295,1.12,1.29,1.46,1.47,1.48,1.5,1.52,1.51567215321875,1.51,1.43,1.35,1.415,1.48,1.50320037251386,1.52,1.48,1.44,1.42053883641639,1.40374120841298,1.39046881839659,1.382,1.4435,1.505,1.485,1.465,1.4775,1.49,1.47,1.45,1.445,1.44,1.43098478065067,1.4176
"6",1.51,1.52912967933773,1.5462516046261,1.56136577586511,1.57447219305474,1.58557085619502,1.59466176528593,1.60174492032747,1.60682032131965,1.60988796826247,1.61094786115592,1.61,1.60521091811414,1.5955289198873,1.58235530279159,1.56748098038858,1.55323200869221,1.54268560558108,1.54,1.61,1.55143913043478,1.57,1.62,1.67,1.66264799361124,1.65087384896123,1.63635001540816,1.62,1.56,1.5,1.49472290443403,1.49,1.65,1.81,1.76141076957946,1.7,1.615,1.53,1.54,1.55,1.55575182622571,1.56,1.515,1.47,1.505,1.54,1.53018157800012,1.5157925795982,1.50055001423713,1.485,1.468,1.451,1.4755,1.5,1.47,1.44,1.46,1.48,1.485,1.49,1.50999553591709,1.5571
"21",1.51,1.51809357575603,1.52636670517928,1.53482543031051,1.54347606735459,1.55232522240961,1.56137980829134,1.57064706254323,1.58013456673045,1.58985026712621,1.59980249690883,1.61,1.62073836329625,1.63215296424561,1.6439982237551,1.65600784083732,1.6678925598766,1.67933764285113,1.69,1.7,1.59717826086957,1.64,1.65255006162897,1.66,1.6548545581756,1.64427372427241,1.63239248238747,1.62,1.605,1.59,1.59871827042148,1.61,1.685,1.76,1.76020066827963,1.76,1.665,1.57,1.54151746969976,1.52,1.58,1.64,1.63549865818276,1.63,1.575,1.52,1.48227166575726,1.44797450072125,1.41948009837536,1.402,1.4965,1.591,1.557,1.523,1.50982834907931,1.5,1.545,1.59,1.54,1.49,1.51747689864742,1.6091
"43",1.51,1.52508910671943,1.53897857391316,1.55166840158119,1.56315858972351,1.57344913834012,1.58254004743103,1.59043131699623,1.59712294703573,1.60261493754953,1.60690728853762,1.61,1.61241841865462,1.61466020671842,1.61667107339781,1.6183719382928,1.61964295922911,1.62029338413617,1.62,1.54,1.49511304347826,1.55,1.525,1.5,1.50563486696334,1.515,1.52376539436128,1.53,1.47,1.41,1.40460762700438,1.4,1.465,1.53,1.54128000729868,1.55,1.53351836733484,1.51,1.47,1.43,1.5,1.57,1.55218658398164,1.53,1.5,1.47,1.45095201917638,1.43463431893931,1.42073825106273,1.409,1.533,1.657,1.562,1.467,1.43045875239563,1.4,1.37229217913394,1.35,1.38,1.41,1.42357180052209,1.4346
"56",1.51,1.5274139567242,1.54316330392174,1.55724804159263,1.56966816973686,1.58042368835442,1.58951459744533,1.59694089700958,1.60270258704717,1.60679966755811,1.60923213854238,1.61,1.60948285289223,1.60814584442627,1.60616028648962,1.60378364150395,1.60142146493469,1.59975176811722,1.6,1.65,1.5302652173913,1.5,1.50887748342809,1.52,1.53930959173109,1.57,1.60224684023879,1.62,1.56,1.5,1.49982126007316,1.5,1.565,1.63,1.65875165032039,1.68,1.62,1.56,1.50636677559432,1.46,1.555,1.65,1.61,1.57,1.555,1.54,1.51785578727068,1.4865,1.45150788268052,1.433,1.452,1.471,1.47113204875498,1.47,1.46181440992481,1.45,1.42,1.39,1.42,1.45,1.44300079382718,1.4321
"7",1.53,1.53366680346348,1.5375821127172,1.54177207634813,1.54626664487971,1.55110028782586,1.55631287939211,1.56195080098744,1.56806832509922,1.57472936802405,1.58200973148722,1.59,1.60216812083834,1.6212896792256,1.64607571482252,1.67449173500566,1.70312757945333,1.72579814709226,1.73,1.65,1.79352173913043,1.7,1.715,1.73,1.74391657880444,1.75756978971027,1.77051411573382,1.78,1.735,1.69,1.70318463792829,1.72,1.805,1.89,1.90666498812075,1.92,1.86,1.8,1.81292867042971,1.83,1.87,1.91,1.885,1.86,1.87,1.88,1.87150527542005,1.8475,1.8239361749985,1.815,1.8425,1.87,1.8655,1.861,1.8705,1.88,1.88,1.88,1.88,1.88,1.87267658277875,1.855
"16",1.53,1.53358284387283,1.5374203122661,1.54154054859751,1.54597600249388,1.5507642861628,1.55594924359632,1.56158229698391,1.56772415797104,1.57444702456087,1.58183743243444,1.59,1.60607255633286,1.63582973889048,1.67664288742122,1.7244204509103,1.77242586847167,1.80872820042167,1.81,1.75,1.82670434782609,1.74,1.78,1.82,1.81520837085329,1.80604745116244,1.79401673361223,1.78,1.755,1.73,1.74636069712605,1.77,1.8213197476803,1.88,1.945,2.01,1.855,1.7,1.755,1.81,1.85869277463657,1.9,1.9,1.9,1.905,1.91,1.90972454241404,1.90624943907381,1.9004771751672,1.893,1.877,1.861,1.9275,1.994,1.942,1.89,1.91,1.93,1.93115205186601,1.93,1.91792643732513,1.8862
"39",1.53,1.53531588277439,1.54065886196552,1.54602914527882,1.55142694254803,1.55685246576253,1.56230592909506,1.56778754892996,1.57329754389175,1.57883613487419,1.58440354506984,1.59,1.59561124633231,1.60122303140338,1.60683575137606,1.61245031696431,1.61806939052725,1.62370549796438,1.63,1.66,1.7695,1.7,1.69945861809895,1.7,1.71705485749007,1.75,1.78139386707634,1.8,1.705,1.61,1.6238534123455,1.64,1.775,1.91,1.93756881298333,1.96,1.855,1.75,1.74967555124147,1.75,1.795,1.84,1.87397760507437,1.9,1.86,1.82,1.8088937387193,1.79903196956068,1.79147942540807,1.789,1.8055,1.822,1.8376555631966,1.852,1.831,1.81,1.82673888718258,1.85,1.885,1.92,1.90468011702808,1.8655
"54",1.53,1.53333595305537,1.53694152075094,1.5408507652914,1.54510373887202,1.54974786093597,1.55483969375009,1.56044725750296,1.56665308638921,1.57355831796455,1.58128824768693,1.59,1.60445520197603,1.62251990892018,1.6415310573332,1.66092820121216,1.6805204485938,1.70022496690015,1.72,1.74,1.83976956521739,1.68,1.715,1.75,1.76662396241622,1.78007407441279,1.79103279276235,1.8,1.685,1.57,1.665,1.76,1.85223852539366,1.94,1.98642963098803,2.02,1.945,1.87,1.88317752538488,1.9,1.925,1.95,1.935,1.92,2,2.08,2.05130040461614,1.974,1.89495386315246,1.868,1.9085,1.949,1.95976519475421,1.967,1.9335,1.9,1.935,1.97,1.925,1.88,1.90123184228523,1.9607
"8",1.45,1.45370169238963,1.45764919660398,1.46186783831706,1.4663865459606,1.47123851499584,1.47646202478565,1.48210145059429,1.48820852734812,1.49484394138897,1.5020793540241,1.51,1.52251488223947,1.54285754632219,1.56973099892374,1.60100262476975,1.63290201789131,1.65807517673205,1.66,1.62,1.60217826086957,1.7,1.71178131584916,1.72,1.7218353210329,1.72185717501045,1.72112232340635,1.72,1.66,1.6,1.60458422487277,1.61,1.7,1.79,1.81184072436783,1.83,1.7,1.57,1.54223082874147,1.52,1.605,1.69,1.65,1.61,1.625,1.64,1.62342981839101,1.5865,1.55283531630916,1.533,1.5235,1.514,1.5015,1.489,1.5095,1.53,1.54662861776066,1.56,1.525,1.49,1.49144031451755,1.4941
"29",1.45,1.45378175680395,1.45780280851592,1.46208660967297,1.46665978354142,1.47155267594523,1.47680002945924,1.48244180963315,1.48852422480505,1.49510099457417,1.50223494066427,1.51,1.52544066897102,1.55406589085739,1.5929617645392,1.63785755777918,1.68223191598362,1.71560533918164,1.72,1.61,1.64329130434783,1.72,1.715,1.71,1.70888793642703,1.71,1.71126967332363,1.71,1.695,1.68,1.66915844943399,1.66,1.755,1.85,1.84062144620929,1.83,1.7,1.57,1.56976423488553,1.57,1.62,1.67,1.64,1.61,1.685,1.76,1.73587506669817,1.677,1.61676815987848,1.594,1.608,1.622,1.6045,1.587,1.6185,1.65,1.63746413216423,1.62,1.59,1.56,1.54491855815706,1.5327
"35",1.45,1.45381322252322,1.45786305150339,1.46217221380313,1.46676644321806,1.47167499478812,1.47693126841038,1.48257356984882,1.48864604580433,1.49519984133285,1.50229454384025,1.51,1.52187166103787,1.54086918575958,1.56583386062718,1.59484818850159,1.62449318730899,1.64802099627777,1.65,1.61,1.58592608695652,1.54,1.595,1.65,1.64498162887184,1.63830530299232,1.62997633127713,1.62,1.585,1.55,1.57499181001969,1.61,1.67,1.73,1.71693604360485,1.7,1.65,1.6,1.59462234179012,1.59,1.68,1.77,1.7,1.63,1.665,1.7,1.67929567485567,1.617,1.55533142744755,1.534,1.5845,1.635,1.59293804203341,1.547,1.4985,1.45,1.48,1.51,1.48,1.45,1.44455720300499,1.4403
"50",1.45,1.45402900455089,1.45827425609447,1.46275364452379,1.46748708904299,1.47249683430477,1.4778077999654,1.48344799524692,1.48944901306239,1.49584662210724,1.5026814803514,1.51,1.52350420128417,1.54786793102151,1.58104400800734,1.61982220936505,1.65886661260765,1.68860709451288,1.69,1.64,1.5913,1.58,1.635,1.69,1.69312895253205,1.69576687798386,1.69802984137877,1.7,1.615,1.53,1.56,1.59,1.61,1.63,1.68,1.73,1.665,1.6,1.56032487098373,1.53,1.63,1.73,1.695,1.66,1.655,1.65,1.62440454389206,1.571,1.51452655516085,1.492,1.5385,1.585,1.5645,1.544,1.52569415703677,1.51,1.535,1.56,1.52,1.48,1.49357438588979,1.5189
"9",1.47,1.4916066771455,1.51435446367653,1.53833620921157,1.56365511749882,1.59042623110907,1.61877817914219,1.64885524395885,1.68081981701022,1.7148553319973,1.75116978722325,1.79,1.85,1.91,1.97,2.03,2.09,2.15,2.21,2.27,2.54658260869565,2.38,2.36796451789278,2.36,2.35554325196149,2.355,2.35489501701337,2.35,2.175,2,2.16033175769781,2.35,2.565,2.78,2.88335541434975,2.96,2.71,2.46,2.745,3.03,2.87,2.71,2.74,2.77,2.565,2.36,2.43991709848949,2.6245,2.80037243672421,2.889,2.91312062095727,2.932,2.834,2.736,2.70362890697952,2.68,2.86,3.04,3.015,2.99,3.00594414148252,3.0544
"28",1.47,1.48919853718425,1.50974873109957,1.53179853331743,1.55551830601919,1.58110523224584,1.60878881030602,1.63883775656021,1.67156875655311,1.70735766888462,1.74665402313958,1.79,1.84953122667227,1.93536341375186,2.04394987439399,2.16907246668581,2.29874281335167,2.4064872360638,2.42,2.24,2.76714347826087,2.31,2.415,2.52,2.51538073434563,2.49365268871098,2.46070433173529,2.42,2.34,2.26,2.32557129616537,2.42,2.55859090325914,2.73,2.955,3.18,2.93,2.68,3.085,3.49,3.44995065441069,3.4,3.165,2.93,3.34,3.75,3.61046259307111,3.2535,2.88894967705656,2.757,2.8615,2.966,2.991,3.016,3.078,3.14,3.13,3.12,3.245,3.37,3.33498957715722,3.2653
"37",1.47,1.497229676284,1.52481002644709,1.55274786855464,1.58105019857426,1.60972419621637,1.63877723100634,1.6682168685991,1.69805087734744,1.72828723513614,1.7589341364944,1.79,1.82128779132146,1.85260202750404,1.88396130453575,1.91540699211322,1.94705347965626,1.97937651364166,2.02,2.2,2.75765217391304,2.2,2.37,2.54,2.5182758134017,2.485,2.45346936954506,2.43,2.4135586675327,2.4,2.38879369820734,2.38,2.785,3.19,3.15349556892915,3.11,2.835,2.56,2.775,2.99,3.15916225858963,3.29,3.195,3.1,3.13,3.16,3.15681738167071,3.1375,3.11848315052668,3.115,3.1915,3.268,3.27776782267525,3.282,3.28381868239082,3.28,3.23,3.18,3.22,3.26,3.2475751480424,3.211
"47",1.47,1.48950429376574,1.51033788168854,1.53264145294787,1.55657627634447,1.58232810604271,1.61011201191904,1.6401784003679,1.67282058251867,1.70838437461256,1.74728039696684,1.79,1.84673977264275,1.92598570473277,2.02477196434454,2.13786539522918,2.25508692272449,2.35366078815628,2.37,2.12,2.80252608695652,2.2,2.33,2.46,2.47291560742864,2.47827528065382,2.47460048241578,2.46,2.395,2.33,2.43006180879278,2.56,2.71204481669632,2.89,3.115,3.34,3.115,2.89,2.92792077233131,2.98,3.145,3.31,3.24,3.17,3.225,3.28,3.2651045461427,3.22631625763303,3.17986686384386,3.13,3.0655,3.001,3.3365,3.672,3.316,2.96,3.15,3.34,3.3884401673128,3.42,3.39448625088246,3.3151
"10",1.49,1.49701655911091,1.50446466288892,1.51238538690495,1.5208251904519,1.52983682847287,1.53948045535067,1.54982496936367,1.56094966133609,1.57294625092724,1.58592142123062,1.6,1.62679205603229,1.67563701913022,1.74212207535519,1.81949205976593,1.89685749013851,1.9554603356432,1.96,1.9,1.97171304347826,1.94,1.945,1.95,1.93408729458326,1.895,1.8551378614819,1.84,1.88,1.92,1.9,1.88,1.95,2.02,2.09,2.16,2.005,1.85,1.915,1.98,2.03460516170107,2.08,2.10385712477987,2.12,2.09,2.06,2.05013364085299,2.04275425897744,2.03865372301972,2.039,2.0475,2.056,2.053,2.05,2.05352629903188,2.06,2.115,2.17,2.135,2.1,2.10822721956332,2.1244
"25",1.49,1.49641496936053,1.50330699870171,1.51073135924329,1.5187522033399,1.5274444229439,1.53689599513446,1.54721097044024,1.55851331930988,1.57095193868583,1.58470724849117,1.6,1.62569782929476,1.66904509767746,1.72698870267655,1.79458402316445,1.86326161806304,1.91676024834459,1.92,1.83,2.00202173913043,1.97,1.935,1.9,1.88634945862947,1.87569756132251,1.86944041501364,1.87,1.89,1.91,1.93,1.95,2.155,2.36,2.31537204353359,2.26,2.01,1.76,1.82512731540755,1.9,1.985,2.07,2.075,2.08,2.1,2.12,2.11102232911786,2.0905,2.07184754530165,2.061,2.0563671193817,2.054,2.1495,2.245,2.1975,2.15,2.145,2.14,2.135,2.13,2.16566649766291,2.2765
"33",1.49,1.49656876296994,1.50360432249087,1.51115826967804,1.5192900890217,1.52806872802054,1.53757455688289,1.54790183627334,1.55916185370437,1.57148694993657,1.58503574466362,1.6,1.62527330137132,1.65890920381893,1.69541111881968,1.73323381783009,1.77177367482556,1.81074626319356,1.85,1.89,2.0008,1.9,1.93,1.96,1.94900187644285,1.925,1.90299600571064,1.89,1.88354623402746,1.88,1.90932500862801,1.95,2.095,2.24,2.23555515748688,2.23,2.04,1.85,1.93,2.01,2.07655800875445,2.13,2.12187909301969,2.11,2.09,2.07,2.07964879502032,2.107,2.13361453055045,2.144,2.1375,2.131,2.2005,2.27,2.165,2.06,2.08,2.1,2.11667369717302,2.13,2.1326176710992,2.1334
"49",1.49,1.49654928911287,1.50356672674248,1.51110436884544,1.51922228629549,1.52799016918011,1.53748933251359,1.54781524564558,1.55908075215056,1.57142021058318,1.58499487873243,1.6,1.62012554066299,1.64800588475737,1.68248593247923,1.72262913968799,1.76766816161031,1.81696829386542,1.87,1.93,1.99461304347826,1.89,1.885,1.88,1.87168372077653,1.86,1.84697829627085,1.84,1.87,1.9,1.9,1.9,1.93811809108014,1.99,2.065,2.14,2.04,1.94,1.93918661096817,1.94,2.04,2.14,2.1575085439927,2.17,2.14,2.11,2.08394785351798,2.05899749146425,2.03653915773299,2.022,2.1005,2.179,2.2364600769103,2.281,2.1655,2.05,2.105,2.16,2.215,2.27,2.24598572579341,2.1841
"11",1.5,1.50918302234514,1.51889214718947,1.52917391905145,1.54008053970131,1.55167075460996,1.56401091147025,1.57717623106215,1.59125234187747,1.60633714465746,1.6225430926636,1.64,1.66245677409067,1.69128273512255,1.72346391236522,1.75644961158851,1.78806669640181,1.81645222274746,1.84,1.86,2.02114782608696,1.88,1.915,1.95,1.98160683891274,2.01262698655222,2.04192157162334,2.06,2.025,1.99,1.9733501619411,1.96,2.115,2.27,2.24705219978448,2.22,2.01,1.8,1.915,2.03,2.12003259471265,2.19,2.19,2.19,2.195,2.2,2.17976278818637,2.133,2.08663097453368,2.066,2.06748439728032,2.071,2.1515,2.232,2.141,2.05,2.1,2.15,2.145,2.14,2.15451078122053,2.1974
"27",1.5,1.5090203276045,1.51858187072736,1.52873484484563,1.53953587587063,1.5510490568041,1.56334722052661,1.5765134821153,1.59064311971589,1.60584588396378,1.62224885436774,1.64,1.6700941752789,1.72158536667602,1.79065292960841,1.87118042427807,1.95272636962148,2.01588042127288,2.02,1.9,2.04260869565217,1.96,1.975,1.99,1.97056158991305,1.92,1.87099897505053,1.85,1.925,2,1.975,1.95,2.105,2.26,2.25084506619821,2.24,2.1,1.96,1.95935452611581,1.96,2.055,2.15,2.17953702272788,2.2,2.18,2.16,2.14365197080358,2.12818967873771,2.11483715158403,2.109,2.12896371245894,2.157,2.2,2.243,2.1515,2.06,2.14,2.22,2.22,2.22,2.2240029182864,2.231
"38",1.5,1.50918447834459,1.51889492025396,1.52917783771234,1.54008539346729,1.55167628605265,1.56401680652501,1.57718210708155,1.59125773283654,1.60634148272456,1.62254568509894,1.64,1.66423328859353,1.69237166139573,1.7214419074637,1.75087814273919,1.78049553257655,1.81021577112907,1.84,1.87,2.02613913043478,1.76,1.835,1.91,1.92794330698827,1.94386869728165,1.95604911530515,1.96,1.95154036478679,1.94,1.925,1.91,2.07,2.23,2.23058858228447,2.23,2.125,2.02,2.02417093795156,2.03,2.14,2.25,2.2,2.15,2.16,2.17,2.16189365473317,2.14,2.11832941029693,2.11,2.14393866939869,2.183,2.226,2.269,2.2445,2.22,2.2,2.18,2.135,2.09,2.10558030100232,2.1392
"48",1.5,1.50896823356337,1.51848234899153,1.52859375116921,1.53936050843937,1.55084846846946,1.56313260612431,1.57629866164353,1.59044514478589,1.6056858040124,1.62215269166376,1.64,1.66434563278423,1.69741212639984,1.73533028465235,1.77459373328038,1.81201736597087,1.84470137349923,1.87,1.89,2.0150347826087,1.84,1.84872920740729,1.86,1.87946885547027,1.91,1.94284821956237,1.96,1.905,1.85,1.84929787006553,1.85,2.02,2.19,2.21731989896812,2.24,2.09,1.94,1.98,2.02,2.04870777160697,2.07,2.025,1.98,2.12,2.26,2.25125829936248,2.24026568327334,2.22666067043971,2.21,2.127,2.044,2.1605,2.277,2.1935,2.11,2.17,2.23,2.25990400555462,2.28,2.26837062829323,2.2348
"12",1.46,1.46487807666425,1.47008832605007,1.47566587303353,1.48165097569449,1.48808999859358,1.49503661622249,1.50255331274001,1.51071326673769,1.5196027415139,1.52932414643648,1.54,1.56173960270712,1.60251977376016,1.65828158787859,1.72297826930647,1.78718847405036,1.8353805080761,1.84,1.7,1.79438695652174,1.7,1.725,1.75,1.74407051282051,1.73110119047619,1.7160102739726,1.7,1.68,1.66,1.66785714285714,1.68,1.7218683127572,1.78,1.925,2.07,1.915,1.76,1.845,1.93,1.9974525225398,2.05,2.01203864353312,1.96,1.88,1.8,1.81205072809461,1.828,1.84316369024502,1.856,1.86732039334965,1.877,1.87719544244096,1.875,1.8225,1.77,1.84,1.91,1.87,1.83,1.79957800874767,1.7729
"26",1.46,1.46481425303623,1.4699653758443,1.47549000822786,1.48143030340832,1.48783500561026,1.49476079066179,1.5022739476818,1.51045250758309,1.51938896331187,1.52919378307211,1.54,1.55421442341309,1.57288897195065,1.59470164440185,1.61880592382641,1.64463464177032,1.67179352981426,1.7,1.73,1.78052173913043,1.6,1.685,1.77,1.75653368864953,1.735,1.71261655308554,1.7,1.755,1.81,1.775,1.74,1.865,1.99,1.971821252493,1.95,1.825,1.7,1.785,1.87,1.88,1.89,1.955,2.02,1.925,1.83,1.79970112470528,1.77201856579225,1.74943178543009,1.739,1.786,1.833,1.87212982756444,1.904,1.842,1.78,1.8,1.82,1.805,1.79,1.7871616627704,1.786
"32",1.46,1.46473045069513,1.46980359896563,1.47525808453611,1.48113858290377,1.48749703176522,1.49439416915244,1.50190147979437,1.51010368195571,1.51910193834658,1.52901804960559,1.54,1.55711194616391,1.58439514310492,1.61996937948967,1.660863757284,1.70209167765365,1.7345921186004,1.74,1.63,1.7959652173913,1.68,1.66176405675894,1.65,1.6526680037057,1.66240503659334,1.675342801777,1.69,1.715,1.74,1.735,1.73,1.855,1.98,2.01939101698049,2.05,1.92,1.79,1.77386089844695,1.76,1.9,2.04,2,1.96,1.96,1.96,1.93598138459379,1.8845,1.83302234411086,1.809,1.892,1.975,1.94818756470369,1.912,1.816,1.72,1.8,1.88,1.8625596466506,1.84,1.81079286039489,1.7712
"51",1.46,1.4647714531926,1.46988280079538,1.47537170272136,1.48128159580966,1.48766284570492,1.49457418579628,1.5020845302941,1.51027528007777,1.51924328497864,1.52910469137969,1.54,1.55871597145641,1.58558559823381,1.6151368384429,1.64461419424829,1.67247907803548,1.69780482736452,1.72,1.74,1.73796086956522,1.61,1.665,1.72,1.71762889795807,1.71309603744433,1.70707931118334,1.7,1.62,1.54,1.55732929453116,1.58,1.64584768105431,1.73,1.84,1.95,1.94569087703817,1.94,1.895,1.85,1.895,1.94,1.87,1.8,1.915,2.03,1.98546069886224,1.888,1.79594090833049,1.746,1.72618280437627,1.71,1.733,1.756,1.768,1.78,1.815,1.85,1.71,1.57,1.6190091517408,1.7111
"13",1.53,1.54248374557274,1.55601580123489,1.57073400038984,1.58680144738888,1.60441258734817,1.62380111373588,1.64525039739161,1.66910742761197,1.69580172719343,1.72587144273029,1.76,1.83247318493576,1.94409979004097,2.06786204568549,2.1909203747945,2.30639162013908,2.41025394657263,2.5,2.58,3.13423913043478,2.48,2.615,2.75,2.79907132868874,2.83935692855008,2.86785097788509,2.88,2.73,2.58,2.68714520154354,2.84,3.13,3.42,3.49543880386878,3.55,3.41,3.27,3.37710815380162,3.5,3.635,3.77,3.73,3.69,3.72,3.75,3.69677957487393,3.554,3.40849686025598,3.358,3.41938913185543,3.497,3.5955,3.694,3.7079160525348,3.71,3.635,3.56,3.625,3.69,3.71346228447736,3.7285
"24",1.53,1.54230946692187,1.5556749077925,1.57023829301613,1.58616823664421,1.60366655434046,1.62297685861798,1.64439597003882,1.66828928286423,1.69511178193261,1.72543729393755,1.76,1.81317968157197,1.8774182800766,1.94449593138625,2.0127214371976,2.08152430914334,2.1506583765158,2.22,2.29,3.09930434782609,2.38,2.555,2.73,2.73423693075695,2.725,2.71490605865605,2.72,2.75438671444414,2.8,2.85469439574391,2.92,2.99625283351867,3.09,3.36,3.63,3.225,2.82,3.205,3.59,3.78499750966644,3.92,3.835,3.75,3.9,4.05,3.98211949491332,3.7815,3.58026394194828,3.513,3.602,3.691,3.68590193841048,3.669,3.5095,3.35,3.445,3.54,3.61835579491307,3.68,3.67124227396484,3.641
"31",1.53,1.54171984337839,1.55451718197102,1.56854776919784,1.58399889730122,1.60109780596483,1.62012293266339,1.64141919205866,1.66541907468915,1.69267232592855,1.72388857212206,1.76,1.82144768997498,1.92446596894282,2.06182882274874,2.22185382519759,2.3843404771832,2.51107603402834,2.52,2.23,3.16625217391304,2.44,2.545,2.65,2.67931823335455,2.69826491127331,2.70562824062868,2.7,2.67,2.64,2.82310803849533,3.07,3.415,3.76,3.7628012350596,3.76,3.485,3.21,3.305,3.4,3.465,3.53,3.73,3.93,4.04033851442896,4.12,4.05778542909732,3.8745,3.6936265994384,3.629,3.6765,3.724,3.755700235292,3.775,3.6975,3.62,3.7,3.78,3.65,3.52,3.51703312377347,3.5258
"52",1.53,1.5420159498833,1.55509943950895,1.5693993484147,1.58509358954518,1.60239654933508,1.62156893929571,1.64293102307413,1.66688065000767,1.69391826424272,1.72468225426763,1.76,1.81705457447424,1.90141600164531,1.99938753406352,2.10013295731994,2.19496687617893,2.27684631208356,2.34,2.39,3.12592608695652,2.39,2.51,2.63,2.71116144181365,2.78497310110221,2.84449070648282,2.87,2.735,2.6,2.73765503234603,2.93,3.23,3.53,3.47429242132857,3.4,3.26,3.12,3.27,3.42,3.56148612095471,3.69,3.625,3.56,3.76,3.96,3.8936262213698,3.718,3.53827825727072,3.476,3.55627653689563,3.663,3.8185,3.974,3.817,3.66,3.63960418638298,3.63,3.63460438587532,3.65,3.67820764114749,3.7233
"14",1.52,1.5267023758009,1.53386186377613,1.54152687851301,1.54975292185688,1.55860392902595,1.56815393364965,1.57848914350712,1.58971055022112,1.60193724032956,1.61531063796593,1.63,1.66077640366382,1.71622195073203,1.78695037135578,1.86316188558658,1.93462017841315,1.99062781898822,2.02,1.48,2.06698695652174,1.9,1.92,1.94,1.956265968301,1.97,1.98314703246976,2,2.03,2.06,2.025,1.99,2.075,2.16,2.18273213096859,2.2,2.1,2,2.075,2.15,2.225,2.3,2.285,2.27,2.26,2.25,2.2339292426459,2.21513558917614,2.19569470219204,2.176,2.1555,2.135,2.212,2.289,2.29099643702335,2.29,2.265,2.24,2.265,2.29,2.27956976017793,2.2507
"30",1.52,1.52740865543442,1.5352114930678,1.54344083174223,1.55213262265016,1.56132697439224,1.57106877182329,1.58140840883131,1.59240266029573,1.60411572507377,1.61662048047427,1.63,1.64530945012702,1.66340268727083,1.68396122724718,1.70640236536856,1.72953347300773,1.75047114358515,1.76,1.61,2.00471739130435,1.85,1.925,2,1.98230679740481,1.945,1.90640658488918,1.89,1.94,1.99,2,2.01,2.12,2.23,2.25191919981392,2.27,2.105,1.94,2.03,2.12,2.06,2,1.99924870523906,2,2.15,2.3,2.26890279303061,2.2125,2.15192461439027,2.125,2.14,2.155,2.16782985340947,2.178,2.159,2.14,2.12348891320913,2.11,2.11260848963912,2.12,2.13451110459693,2.1605
"36",1.52,1.52666272393309,1.53378550833661,1.54141770787743,1.54961599863571,1.55844578799088,1.56798296336071,1.57831607877169,1.58954911271948,1.60180497938673,1.61523004476208,1.63,1.65053075610874,1.68049910896553,1.71857766912708,1.76246715955786,1.80780762204664,1.8452032540557,1.85,1.77,1.96929130434783,1.8,1.835,1.87,1.86289523247215,1.845,1.82729697783397,1.82,1.86,1.9,1.895,1.89,1.985,2.08,2.09153264832016,2.1,2.045,1.99,1.95602091386771,1.93,2.04,2.15,2.125,2.1,2.09,2.08,2.05406812258457,2.013,1.97270172501375,1.946,2.1075,2.269,2.1705,2.072,2.096,2.12,2.115,2.11,2.11785393410573,2.13,2.14559314009515,2.1667
"46",1.52,1.52712365908287,1.53466925597767,1.54267542213884,1.55118565346407,1.56024910083922,1.56992152003304,1.58026641971791,1.59135645756458,1.60327514928801,1.61611897566407,1.63,1.64656670677023,1.66722650064159,1.69161043084168,1.71900825338245,1.7478550769601,1.77389273962556,1.78,1.73,1.95847826086957,1.77,1.835,1.9,1.89710785769436,1.89,1.88223920653442,1.88,1.89,1.9,1.875,1.85,1.89,1.93,1.97,2.01,1.915,1.82,1.925,2.03,2.09426278018417,2.14,2.09,2.04,2.11,2.18,2.17024343691695,2.152,2.13220358133871,2.124,2.13721720557692,2.157,2.2045,2.252,2.146,2.04,2.065,2.09,2.11173075174984,2.13,2.13734903640257,2.142
"15",1.54,1.56069537843225,1.58241364442612,1.6052325552907,1.62923795444732,1.65452485059592,1.6811986744509,1.70937674809483,1.73919001013424,1.77078505016531,1.80432651924244,1.84,1.87798188516575,1.91868272476984,1.96279909371133,2.01128772658445,2.06549948307567,2.12740559765372,2.2,2.29,2.52664782608696,2.31,2.32249075536894,2.34,2.37178281721405,2.41,2.44665189457833,2.48,2.51136402173119,2.54,2.54,2.54,2.665,2.79,2.915,3.04,2.815,2.59,2.64156432933011,2.71,2.855,3,2.855,2.71,2.815,2.92,2.86395558347274,2.6935,2.52286223139404,2.467,2.547,2.627,2.69972913243891,2.763,2.6765,2.59,2.625,2.66,2.63594392738213,2.61,2.58348381093643,2.5559
"23",1.54,1.55955618185424,1.58025123206315,1.60218761850207,1.62548048162428,1.65025965604549,1.67667209187225,1.70488477113601,1.73508824161019,1.76750092606395,1.80237441300401,1.84,1.88874881047602,1.95574945624296,2.03870572973674,2.13351525432448,2.23205888903377,2.31569111368713,2.33,2.15,2.46331304347826,2.1,2.2,2.3,2.29949675487979,2.29,2.27954843497486,2.28,2.31361257318463,2.36,2.56,2.76,2.77,2.78,2.905,3.03,2.715,2.4,2.525,2.65,2.76272989601573,2.86,2.85823123946857,2.85,2.80884622243813,2.76,2.7018009698953,2.6285,2.5488201938844,2.497,2.49856210598896,2.502,2.507,2.512,2.486,2.46,2.515,2.57,2.6102500238231,2.64,2.60662546046718,2.4852
"34",1.54,1.55944250133097,1.5800344241458,1.60188080218505,1.62509986850167,1.64982519611701,1.67620826924704,1.70442158964196,1.73466245263475,1.76715756762627,1.80216875185118,1.84,1.89555039963903,1.98124824805431,2.09228729233144,2.22066112620681,2.35196784778704,2.45743070765565,2.47,2.23,2.53855652173913,2.22,2.20279313773096,2.19,2.24647178768773,2.39,2.53809045832304,2.59,2.515,2.44,2.50550903869191,2.6,2.8,3,2.98210351151366,2.96,2.715,2.47,2.65,2.83,2.8,2.77,2.785,2.8,2.775,2.75,2.73330544865493,2.72008444867615,2.70856321117998,2.698,2.689,2.68,2.659,2.638,2.694,2.75,2.66,2.57,2.57216941812147,2.58,2.63283078838119,2.7708
"53",1.54,1.55915566986988,1.57948656021817,1.60110424515659,1.6241348839919,1.64872168500139,1.67502788609728,1.70324038347865,1.73357417879845,1.76627786866463,1.80164047308334,1.84,1.89692941584609,1.9853513251974,2.1001524434051,2.23286680171266,2.36838914141333,2.47687925859569,2.49,2.23,2.63283043478261,2.3,2.37,2.44,2.45156822605399,2.455,2.45945583078918,2.47,2.48744301427785,2.51,2.695,2.88,3.02182845198892,3.13,3.10467361662355,3.07,2.9,2.73,2.86,2.99,3.02510262554699,3.05,3.0634411760685,3.07,2.965,2.86,2.81908005596749,2.78396014452059,2.7581965819764,2.749,2.83,2.911,2.826,2.741,2.66491412601416,2.6,2.61056679332689,2.63,2.67,2.71,2.68696135412628,2.6141
